,Date,text,ID,Username,VADER negative score,VADER neutral score,VADER positive score,VADER compound score
0,April-20-2020,'Walking miracle' 34-year-old coronavirus patient at center of struggle for experimental drug returns home | Fox News,1252305304114561032,FoxNews,0.109,0.711,0.18,0.3612
1,April-20-2020,Bipartisan breakthrough? Pols unveil 'Back to Work' plan for reopening economy with emphasis on mass testing | Fox News,1252192088508313601,FoxNews,0.0,1.0,0.0,0.0
2,April-20-2020,First responder opens up on emotional toll of coronavirus from front lines: 'It hasn't gotten easier' | Fox News,1252052594979192832,FoxNews,0.111,0.812,0.076,-0.1857
3,April-20-2020,Fr. Frank Pavone says coronavirus crisis will lead to 'deepening of faith' | Fox News,1252034702329946115,FoxNews,0.206,0.653,0.141,-0.3182
4,April-19-2020,"Trump announces coronavirus testing milestone, says PPP stimulus deal imminent | Fox News",1252018434445099008,FoxNews,0.0,1.0,0.0,0.0
5,April-19-2020,Massachusetts nurse prints family pictures for coronavirus patients amid no-visitor policy | Fox News,1251995853805535239,FoxNews,0.0,1.0,0.0,0.0
6,April-19-2020,Thunderbirds honor coronavirus responders in Colorado with 'completely amazing' flyover | Fox News,1251979493608173574,FoxNews,0.0,0.601,0.399,0.807
7,April-19-2020,Schumer defends adding demands to small business relief because they 'are now going into the bill' | Fox News,1251961601030307842,FoxNews,0.0,0.853,0.147,0.4767
8,April-19-2020,Peter Navarro: China 'cornered' the personal protective equipment market and 'is profiteering' during coronavirus outbreak | Fox News,1251942055691071490,FoxNews,0.188,0.812,0.0,-0.4019
9,April-19-2020,Dr. David Katz: Coronavirus vaccine or herd immunity are only ways life can fully return to normal | Fox News,1251892155309854720,FoxNews,0.0,1.0,0.0,0.0
10,April-19-2020,Nancy Pelosi says agreement on small business relief 'will be soon' | Fox News,1251837097348128769,FoxNews,0.0,0.656,0.344,0.743
11,April-19-2020,"NY, NJ, Connecticut announce reopening of marinas amid coronavirus shutdowns | Fox News",1251678393290145792,FoxNews,0.0,1.0,0.0,0.0
12,April-18-2020,Therapy dog Loki delivers care packages to health workers battling coronavirus | Fox News,1251618282534326280,FoxNews,0.121,0.694,0.185,0.2732
13,April-18-2020,Pence tells Air Force Academy graduates they inspire confidence that 'we will prevail' against coronavirus | Fox News,1251601878196125696,FoxNews,0.0,0.696,0.304,0.7906
14,April-18-2020,Medal of Honor recipient Bennie Adkins loses battle with coronavirus at 86 | Fox News,1251583709909856256,FoxNews,0.315,0.42,0.265,-0.0516
15,April-18-2020,Crowds flock to Jacksonville beaches; model significantly lowers Florida's expected coronavirus death toll | Fox News,1251519489176473600,FoxNews,0.278,0.722,0.0,-0.6597
16,April-18-2020,Top coronavirus model significantly lowers total estimates of US deaths in new projection | Fox News,1251519148888330240,FoxNews,0.087,0.809,0.104,0.0772
17,April-18-2020,How the Class of 2020 will graduate during a pandemic | Fox News,1251335686646648837,FoxNews,0.0,1.0,0.0,0.0
18,April-18-2020,Country star Charlie Daniels on helping veterans amid coronavirus pandemic: ‘They are being overlooked’ | Fox News,1251323062290731011,FoxNews,0.0,0.879,0.121,0.296
19,April-18-2020,Marines race down NYC pier carrying oxygen tanks to help save patients outside USNS Comfort | Fox News,1251303902974300170,FoxNews,0.0,0.641,0.359,0.8126
20,April-17-2020,Coronavirus leads food industry to lend a helping hand to those in need | Fox News,1251287125049384960,FoxNews,0.0,0.722,0.278,0.6597
21,April-17-2020,"Astronaut Mike Massimino describes the isolation of space, offers coronavirus quarantine, lockdown advice | Fox News",1251267675092910080,FoxNews,0.153,0.847,0.0,-0.4019
22,April-17-2020,Georgia restaurateur sells car to pay her employees amid coronavirus shutdown: report | Fox News,1251253884103860226,FoxNews,0.091,0.909,0.0,-0.1027
23,April-17-2020,Tennessee Uber driver delivers meals from local restaurants to hospital workers during coronavirus outbreak | Fox News,1251247138887139329,FoxNews,0.0,1.0,0.0,0.0
24,April-17-2020,Coronavirus antibody testing finds Bay Area infections may be 85 times higher than reported: researchers | Fox News,1251225588054007808,FoxNews,0.0,1.0,0.0,0.0
25,April-17-2020,US officials confirm full-scale investigation of whether coronavirus escaped from Wuhan lab | Fox News,1251212063608799234,FoxNews,0.0,1.0,0.0,0.0
26,April-17-2020,"Coronavirus pandemic and grocery shopping: No need to wipe down food packaging, FDA says | Fox News",1251136671049023493,FoxNews,0.121,0.879,0.0,-0.296
27,April-17-2020,NJ HOA denies request to allow physician assistant to isolate in RV near family | Fox News,1251090550889099266,FoxNews,0.224,0.683,0.093,-0.4019
28,April-17-2020,Bret Baier: Lawmakers from both parties weighing 'possible payback' against China over coronavirus | Fox News,1250973749295427587,FoxNews,0.0,0.847,0.153,0.4019
29,April-17-2020,USNS Comfort commander describes how Navy doctors save lives aboard the hospital ship | Fox News,1250964315596873730,FoxNews,0.0,0.657,0.343,0.7003
30,April-17-2020,A look at the Wuhan laboratory at the center of China's coronavirus controversy | Fox News,1250945814006022144,FoxNews,0.0,1.0,0.0,0.0
31,April-16-2020,Trump unveils coronavirus guidelines for rolling back social distancing in phases: ‘Next front in our war’ | Fox News,1250928164500656128,FoxNews,0.0,1.0,0.0,0.0
32,April-16-2020,"US, Canada have funded Chinese lab eyed as likely source of coronavirus outbreak | Fox News",1250905478701428737,FoxNews,0.0,1.0,0.0,0.0
33,April-16-2020,Lawmakers call for China to face accountability as suspicion grows that coronavirus leaked from lab | Fox News,1250882729752879115,FoxNews,0.234,0.766,0.0,-0.5994
34,April-16-2020,Mom discovers family photo in face mask video on Facebook that claimed her family died of COVID-19 | Fox News,1250838899561283592,FoxNews,0.159,0.841,0.0,-0.5574
35,April-16-2020,California churches sue Newsom over coronavirus stay-at-home order | Fox News,1250810615591034880,FoxNews,0.0,1.0,0.0,0.0
36,April-16-2020,"Coronavirus timeline shows politicians', media's changing rhetoric on risk of pandemic | Fox News",1250806918194573312,FoxNews,0.139,0.861,0.0,-0.2732
37,April-16-2020,"Small business loan program runs out of money, no longer accepting applications | Fox Business",1250806543173455876,FoxNews,0.252,0.748,0.0,-0.5242
38,April-16-2020,Pompeo rips China in response to Wuhan lab report: Beijing 'needs to come clean and needs to be accountable' | Fox News,1250605731960827905,FoxNews,0.0,0.886,0.114,0.4019
39,April-16-2020,"China may be conducting secret nuclear tests, State Department warns | Fox News",1250594380274073600,FoxNews,0.104,0.896,0.0,-0.1027
40,April-16-2020,Sources believe coronavirus outbreak originated in Wuhan lab as part of China's efforts to compete with US | Fox News,1250581282175832064,FoxNews,0.0,1.0,0.0,0.0
41,April-15-2020,"Trump argues US has ‘passed the peak on new cases,’ teases new guidelines for reopening economy | Fox News",1250570800425586690,FoxNews,0.22,0.78,0.0,-0.5859
42,April-15-2020,California's Newsom announces $125M fund to give coronavirus stimulus checks to immigrants in state illegally | Fox News,1250539080204652546,FoxNews,0.0,1.0,0.0,0.0
43,April-15-2020,"World Health Organization leader asks US to reconsider freezing funds, vows to continue fighting coronavirus | Fox News",1250515624851394560,FoxNews,0.196,0.804,0.0,-0.4404
44,April-15-2020,IRS launches 'Get My Payment' app to speed up coronavirus relief | Fox News,1250492469524996097,FoxNews,0.0,0.807,0.193,0.4767
45,April-15-2020,Drivers swarm Michigan capital to protest coronavirus lockdown measures | Fox News,1250481615198998535,FoxNews,0.154,0.846,0.0,-0.25
46,April-15-2020,"China's claim of zero coronavirus infections in military is bogus, sign of intimidating rivals, experts say | Fox News",1250478361094361090,FoxNews,0.139,0.861,0.0,-0.4404
47,April-15-2020,Aviation experts say airlines would be better off shutting down as pandemic saps demand | Fox News,1250478092201721864,FoxNews,0.077,0.773,0.149,0.34
48,April-15-2020,California pastor cited for 'hiding' congregants on Easter Sunday says church has 'right to assemble' | Fox News,1250471332502003712,FoxNews,0.115,0.885,0.0,-0.296
49,April-15-2020,Pence tells 'Ingraham Angle' Trump will move to reopen the economy 'at a responsible moment' | Fox News,1250245831875350534,FoxNews,0.0,0.881,0.119,0.3182
50,April-15-2020,"The Big Show says WWE, deemed ‘essential,' has ‘an incredible responsibility’ during ‘times of hardship’ | Fox News",1250229461481594881,FoxNews,0.0,1.0,0.0,0.0
51,April-15-2020,Florida Mayo Clinic using autonomous vehicles to transport coronavirus tests | Fox News,1250213906678759424,FoxNews,0.0,1.0,0.0,0.0
52,April-14-2020,Trump announces US will halt funding to World Health Organization over coronavirus response | Fox News,1250198705363435527,FoxNews,0.0,1.0,0.0,0.0
53,April-14-2020,"California's Gov. Newsom outlines plan to loosen stay-at-home orders but warns, 'we are not out of the woods' | Fox News",1250180083702259714,FoxNews,0.074,0.926,0.0,-0.1531
54,April-14-2020,"DOJ intervenes in Mississippi drive-in church case, says city's actions 'target religious conduct' | Fox News",1250161393501966339,FoxNews,0.0,1.0,0.0,0.0
55,April-14-2020,Kentucky pastor who held in-person Easter service won’t self-quarantine | Fox News,1250087896247394305,FoxNews,0.0,1.0,0.0,0.0
56,April-14-2020,Virginia pastor dies from coronavirus after vowing to keep church open despite essential business order | Fox News,1250068460819939328,FoxNews,0.0,1.0,0.0,0.0
57,April-14-2020,Coronavirus bill stimulus checks will leave out these groups | Fox News,1250056870632599558,FoxNews,0.098,0.902,0.0,-0.0516
58,April-14-2020,Army sends new medical teams to hard-hit NYC areas | Fox News,1249880789719941120,FoxNews,0.0,1.0,0.0,0.0
59,April-14-2020,Taiwan releases December email to WHO showing unheeded warning about coronavirus | Fox News,1249869585374994432,FoxNews,0.156,0.844,0.0,-0.34
60,April-13-2020,"California, Oregon, Washington governors announce their own plans to restart their economies amid coronavirus | Fox News",1249849513067634689,FoxNews,0.0,1.0,0.0,0.0
61,April-13-2020,Coronavirus stay-at-home orders stir protests nationwide amid fears of economic collapse | Fox News,1249833436132622337,FoxNews,0.418,0.582,0.0,-0.7845
62,April-13-2020,"Mississippi group prays for hospital staff, patients during lunch break | Fox News",1249810498675245056,FoxNews,0.0,0.833,0.167,0.34
63,April-13-2020,"Cuomo, northeastern governors announce 'coordinated' regional effort to reopen amid coronavirus | Fox News",1249793708473581573,FoxNews,0.0,1.0,0.0,0.0
64,April-13-2020,"Sanders endorses Biden for president, after suspending campaign | Fox News",1249764646761922561,FoxNews,0.0,0.806,0.194,0.34
65,April-13-2020,New salvo in expanding political fight over vote-by-mail as Wisconsin results come in | Fox News,1249745579619618816,FoxNews,0.148,0.852,0.0,-0.3818
66,April-13-2020,"If you think you had coronavirus, a new study might give you your answer | Fox News",1249742075177906182,FoxNews,0.0,1.0,0.0,0.0
67,April-13-2020,Florida sheriff opens up on delivering pizza to help restaurants struggling during coronavirus | Fox News,1249516030097002502,FoxNews,0.144,0.718,0.138,-0.0258
68,April-13-2020,"China stifles coronavirus research in apparent bid to control narrative, analysts say | Fox News",1249500545078956032,FoxNews,0.0,1.0,0.0,0.0
69,April-13-2020,USS Theodore Roosevelt sailors with coronavirus spark concern for Guam hotels | Fox News,1249488588955418635,FoxNews,0.0,0.872,0.128,0.2263
70,April-12-2020,US military chaplain gets creative hosting Easter Sunday 'drive-up' communion for troops overseas | Fox News,1249473582905937926,FoxNews,0.0,0.838,0.162,0.4404
71,April-12-2020,"Anonymous donor in Massachusetts pays for $5,000 in groceries for elderly, compromised shoppers | Fox News",1249462559088009216,FoxNews,0.0,1.0,0.0,0.0
72,April-12-2020,California party that violated stay-at-home order and drew around 400 comes to 'bad end' with 6 shot | Fox News,1249437508905119753,FoxNews,0.259,0.639,0.102,-0.6369
73,April-12-2020,FBI exposes coronavirus scam after 39M masks promised from overseas fail to reach California hospitals | Fox News,1249420588168470528,FoxNews,0.344,0.514,0.142,-0.7269
74,April-12-2020,"Broadway star Nick Cordero is in 'very critical condition' amid possible coronavirus fight, wife says | Fox News",1249408785585758210,FoxNews,0.245,0.755,0.0,-0.6361
75,April-12-2020,USS Theodore Roosevelt sees coronavirus cases rise; more than 100 additional sailors test positive | Fox News,1249374797244649472,FoxNews,0.0,0.816,0.184,0.5574
76,April-12-2020,DC mayor says coronavirus outbreaks will peak in June in nation's capital | Fox News,1249361435907493890,FoxNews,0.0,1.0,0.0,0.0
77,April-12-2020,"Fauci expresses 'cautious optimism,' on coronavirus, says lives could have been saved if US acted earlier | Fox News",1249361348162699269,FoxNews,0.059,0.675,0.266,0.7096
78,April-12-2020,"Mark Cuban predicts 'world-changing' innovation stemming from outbreak, keeps 'door open' to 2020 bid | Fox News",1249347053374836740,FoxNews,0.0,0.86,0.14,0.3818
79,April-12-2020,UK Prime Minister Boris Johnson released from hospital amid coronavirus fight | Fox News,1249319390404845569,FoxNews,0.167,0.833,0.0,-0.3818
80,April-12-2020,Thunderbirds honor coronavirus responders with Las Vegas flyover for 'true heroes' | Fox News,1249316450529153026,FoxNews,0.0,0.542,0.458,0.8519
81,April-12-2020,DOJ: 'Expect action' on government regulation of religious services amid COVID-19 outbreak | Fox News,1249145368316698626,FoxNews,0.0,1.0,0.0,0.0
82,April-11-2020,UPS driver 'honored' to deliver 88 drums of hand sanitizer to hard-hit NYPD | Fox News,1249082466222080000,FoxNews,0.0,0.667,0.333,0.7906
83,April-11-2020,Apollo 13 commander Jim Lovell on coronavirus: 'We've got a problem. And how do we solve it' | Fox News,1249061072960618497,FoxNews,0.12,0.8,0.08,-0.2263
84,April-11-2020,"Most extreme measures during coronavirus lockdown, state by state | Fox News",1249047041357107204,FoxNews,0.0,1.0,0.0,0.0
85,April-11-2020,"Kentucky governor threatens 14-day quarantine for going to mass gatherings, including church services | Fox News",1248797143281827841,FoxNews,0.148,0.852,0.0,-0.3818
86,April-11-2020,"Most eligible Americans will receive coronavirus aid checks by April 15, Treasury official says | Fox News",1248795712810336256,FoxNews,0.0,0.899,0.101,0.2023
87,April-11-2020,Las Vegas doctor explains how 'proning' COVID-19 patients can be 'difference between life and death' | Fox News,1248776601518641152,FoxNews,0.187,0.813,0.0,-0.5994
88,April-11-2020,"Lowy's Moving Service delivers 2,500 cases of Girl Scout cookies to NJ hospitals | Fox News",1248762941295509506,FoxNews,0.0,1.0,0.0,0.0
89,April-10-2020,Apple and Google partner on coronavirus contact tracing effort | Fox News,1248758848585900032,FoxNews,0.0,1.0,0.0,0.0
90,April-10-2020,ICU nurse at NYC's Central Park field hospital: 'We're here to bring hope' | Fox News,1248732521543733249,FoxNews,0.0,0.838,0.162,0.4404
91,April-10-2020,Navy helicopters deliver respirators to protect crew aboard USNS Comfort | Fox News,1248718469157326849,FoxNews,0.0,0.617,0.383,0.6369
92,April-10-2020,"Amid coronavirus-related cuts, Texas hospital offers employees bonuses | Fox News",1248703205497765889,FoxNews,0.149,0.608,0.243,0.34
93,April-10-2020,"Florida tailor makes face masks for coronavirus frontline workers, community | Fox News",1248687240357822469,FoxNews,0.0,1.0,0.0,0.0
94,April-10-2020,House Republicans call for hearing on coronavirus modeling amid 'conflicting data' | Fox News,1248645863423049740,FoxNews,0.172,0.828,0.0,-0.4019
95,April-10-2020,Experiencing coronavirus-related nightmares? Expert explains ‘pandemic dreams’ | Fox News,1248625702426963968,FoxNews,0.0,1.0,0.0,0.0
96,April-10-2020,Team allegedly sets new 'Cannonball Run' record on empty highways during coronavirus lockdowns | Fox News,1248613172900065286,FoxNews,0.107,0.893,0.0,-0.2023
97,April-10-2020,Carson says 'about 98 percent' of people who get coronavirus will recover: 'We can't operate out of hysteria' | Fox News,1248440025022377985,FoxNews,0.127,0.873,0.0,-0.4404
98,April-10-2020,Kid reunites with father who was in quarantine for 3 weeks | Fox News,1248426371535126528,FoxNews,0.0,1.0,0.0,0.0
99,April-10-2020,Feds move to block China-owned telecom service from operating in US | Fox News,1248417982113406978,FoxNews,0.182,0.818,0.0,-0.4404
100,April-10-2020,"Navy won't rule out reinstating USS Theodore Roosevelt commander, ousted amid coronavirus outbreak | Fox News",1248407427873046529,FoxNews,0.0,1.0,0.0,0.0
101,April-09-2020,Las Vegas reeling from coronavirus' economic impact: Millions of tourists to 'virtually zero' | Fox News,1248399214377238530,FoxNews,0.0,1.0,0.0,0.0
102,April-09-2020,"Sens. Graham, Coons call on China to 'immediately' shut down wet markets | Fox News",1248373963501137929,FoxNews,0.0,1.0,0.0,0.0
103,April-09-2020,"Boris Johnson out of ICU amid coronavirus battle, in 'good spirits,' spokesman says | Fox News",1248331370683916294,FoxNews,0.133,0.718,0.149,0.0772
104,April-09-2020,Meet the former NYT reporter who is challenging the coronavirus narrative | Fox News,1248309531077152776,FoxNews,0.0,0.89,0.11,0.1531
105,April-09-2020,Chilling video reveals how coronavirus spreads from a single cough in a supermarket | Fox News,1248307537721556993,FoxNews,0.068,0.932,0.0,-0.0258
106,April-09-2020,"Severe weather threat for 70 million, 'very strong' winds may impact cities where tents set up for coronavirus | Fox News",1248236862948474880,FoxNews,0.217,0.652,0.13,-0.3415
107,April-09-2020,Trump campaign manager Brad Parscale on how coronavirus has changed his daily routine | Fox News,1248229069101154309,FoxNews,0.0,1.0,0.0,0.0
108,April-09-2020,"First combat-disabled, veteran-owned US distillery makes hand sanitizer for coronavirus fight | Fox News",1248074915548364806,FoxNews,0.146,0.674,0.18,0.1531
109,April-09-2020,Iowa declares statewide 'Day of Prayer' amid coronavirus outbreak | Fox News,1248059316164321285,FoxNews,0.0,1.0,0.0,0.0
110,April-09-2020,Bikers among the unorthodox groups donating masks to coronavirus workers via website | Fox News,1248050657929637889,FoxNews,0.0,1.0,0.0,0.0
111,April-08-2020,"Cash-strapped rural hospitals struggle to stay open, brace for coronavirus | Fox News",1248036903003271169,FoxNews,0.161,0.839,0.0,-0.3182
112,April-08-2020,"Pompeo says State Dept. has repatriated more than 50,000 US citizens since coronavirus breakout | Fox News",1248022436697837568,FoxNews,0.0,1.0,0.0,0.0
113,April-08-2020,CDC guidance says some essential workers exposed to coronavirus can return to work | Fox News,1248009919070007296,FoxNews,0.08,0.92,0.0,-0.0772
114,April-08-2020,Britain joins growing chorus of countries furious with China's faulty coronavirus equipment | Fox News,1247949947791646720,FoxNews,0.305,0.609,0.086,-0.6486
115,April-08-2020,Dr. Fauci says US should be able to reopen schools in fall | Fox News,1247857653759586304,FoxNews,0.0,1.0,0.0,0.0
116,April-08-2020,California couple contract coronavirus after cruise to 'safest place' Antarctica | Fox News,1247826275210756096,FoxNews,0.0,0.816,0.184,0.4019
117,April-08-2020,"Trump slams 'China-centric' WHO, says agency 'called every shot wrong' in coronavirus pandemic | Fox News",1247719761586409472,FoxNews,0.171,0.829,0.0,-0.4767
118,April-08-2020,"Birx says government is classifying all deaths of patients with coronavirus as 'COVID-19' deaths, regardless of cause | Fox News",1247716461990359041,FoxNews,0.0,1.0,0.0,0.0
119,April-08-2020,John Prine dead at age 73 from coronavirus complications | Fox News,1247705685095264256,FoxNews,0.281,0.719,0.0,-0.6486
120,April-08-2020,Fauci says world may never return back to normal after coronavirus outbreak | Fox News,1247696951782584320,FoxNews,0.0,1.0,0.0,0.0
121,April-08-2020,Truck driver opens up on personal sacrifice for America's economy during coronavirus | Fox News,1247684643899539457,FoxNews,0.0,1.0,0.0,0.0
122,April-07-2020,Coronavirus survivor who has lifelong lung condition credits prayer for miraculous recovery | Fox News,1247644682471047176,FoxNews,0.0,0.722,0.278,0.6124
123,April-07-2020,Acting Navy secretary resigns after criticizing ousted USS Theodore Roosevelt commander | Fox News,1247630069595545601,FoxNews,0.286,0.714,0.0,-0.5859
124,April-07-2020,"Rand Paul recovers from coronavirus, tests negative | Fox News",1247562838455005184,FoxNews,0.291,0.709,0.0,-0.5719
125,April-07-2020,MLB says it discussed playing games at one site but not settled on plan | Fox News,1247551476756553731,FoxNews,0.0,0.92,0.08,0.1027
126,April-07-2020,Esper directed acting Navy secretary to apologize for comments ripping ousted captain: official | Fox News,1247543556589436929,FoxNews,0.0,0.915,0.085,0.1027
127,April-07-2020,USNS Comfort crew member tests positive for coronavirus | Fox News,1247470533475794946,FoxNews,0.0,0.596,0.404,0.7269
128,April-07-2020,Veterans and Gold Star families mobilize to battle coronavirus isolation | Fox News,1247349499103784961,FoxNews,0.325,0.675,0.0,-0.6486
129,April-07-2020,How is the coronavirus mutating into different strains? | Fox News,1247340895013306370,FoxNews,0.18,0.82,0.0,-0.296
130,April-07-2020,Auto insurers refunding millions due to stay-at-home policies | Fox News,1247325891933462532,FoxNews,0.0,1.0,0.0,0.0
131,April-06-2020,"Trump, Biden have a 'really good' phone call about coronavirus | Fox News",1247278320246497286,FoxNews,0.0,0.79,0.21,0.4927
132,April-06-2020,"Boris Johnson moved to hospital's intensive-care unit after coronavirus symptoms worsen, spokesman says | Fox News",1247249458099892226,FoxNews,0.18,0.82,0.0,-0.5106
133,April-06-2020,"US records over 10,000 coronavirus deaths as infections mount | Fox News",1247239265400033282,FoxNews,0.0,1.0,0.0,0.0
134,April-06-2020,Acting Navy Secretary blasts ousted USS Theodore Roosevelt's captain as 'naïve' and 'stupid' in address to ship's crew | Fox News,1247220593637961728,FoxNews,0.145,0.855,0.0,-0.5267
135,April-06-2020,Sen. Barrasso says Wyoming not issuing stay-at-home order: We've been social distancing for 130 years | Fox News,1247199099537051648,FoxNews,0.0,1.0,0.0,0.0
136,April-06-2020,New York City hospital starts remote coronavirus monitoring | Fox News,1247187239106490371,FoxNews,0.0,1.0,0.0,0.0
137,April-06-2020,"Vermont police trooper uses 3D printer to make coronavirus face shields for doctors, nurses | Fox News",1247186927134146560,FoxNews,0.0,1.0,0.0,0.0
138,April-06-2020,Anonymous New Orleans artist leaves uplifting messages on sidewalk outside hospital | Fox News,1246981486915567618,FoxNews,0.0,1.0,0.0,0.0
139,April-06-2020,Tune in now! https://t.co/y1W1HURDhH,1246967979801272322,FoxNews,0.0,1.0,0.0,0.0
140,April-06-2020,"Indianapolis Colts owner Jim Irsay donates 10,000 masks during coronavirus fight | Fox News",1246958357837201410,FoxNews,0.167,0.833,0.0,-0.3818
141,April-05-2020,"Bronx Zoo tiger tests positive for coronavirus, officials say | Fox News",1246928083581644813,FoxNews,0.0,0.753,0.247,0.5574
142,April-05-2020,"Boris Johnson hospitalized after experiencing coronavirus symptoms, PM's office says | Fox News",1246912585942908928,FoxNews,0.0,1.0,0.0,0.0
143,April-05-2020,"Ousted USS Theodore Roosvelt captain tests positive for coronavirus, defense official says | Fox News",1246903440313397248,FoxNews,0.0,0.718,0.282,0.6249
144,April-05-2020,Queen Elizabeth addresses coronavirus pandemic: 'We will succeed' | Fox News,1246892019999440897,FoxNews,0.0,0.758,0.242,0.4939
145,April-05-2020,Hotel offers luxury 'quarantine apartments' with in-room $500 coronavirus test | Fox News,1246864732562362374,FoxNews,0.0,1.0,0.0,0.0
146,April-05-2020,Coronavirus stay-at-home order in Pennsylvania questioned after woman gets $200 ticket for taking drive | Fox News,1246856931760844802,FoxNews,0.08,0.92,0.0,-0.1027
147,April-05-2020,"Governors give mixed response to Trump's handling of coronavirus crisis, but all say pandemic will get worse | Fox News",1246853416208474113,FoxNews,0.271,0.729,0.0,-0.7717
148,April-05-2020,"New York has first daily drop in coronavirus deaths, Cuomo announces, as military heads to NYC | Fox News",1246844182523674629,FoxNews,0.104,0.896,0.0,-0.2732
149,April-05-2020,Michigan ER nurse dies alone at home from coronavirus: reports | Fox News,1246836257365331974,FoxNews,0.143,0.857,0.0,-0.25
150,April-05-2020,Scottish medical officer cautioned after breaking her own coronavirus lockdown advice | Fox News,1246830388523274241,FoxNews,0.0,1.0,0.0,0.0
151,April-05-2020,Disney to stop charging annual passholders after backlash during coronavirus shutdown | Fox News,1246828878443749386,FoxNews,0.145,0.855,0.0,-0.296
152,April-05-2020,Italian PM: ‘All conflicts around the world should stop’ during global pandemic | Fox News,1246824148053221377,FoxNews,0.157,0.843,0.0,-0.3818
153,April-05-2020,"Coronavirus 'Achilles' heel' may have been found, experts say | Fox News",1246820672006995969,FoxNews,0.0,1.0,0.0,0.0
154,April-05-2020,Michigan's Whitmer says lack of national strategy has created 'porous situation' for coronavirus to spread | Fox News,1246813223313121280,FoxNews,0.113,0.788,0.099,-0.0772
155,April-05-2020,"Coronavirus lockdown rules in UK must be followed or exercise may be banned, health secretary warns | Fox News",1246811721878179844,FoxNews,0.206,0.794,0.0,-0.5267
156,April-05-2020,Biden says Democrats may have to hold 'virtual convention' due to coronavirus | Fox News,1246809150471970817,FoxNews,0.0,1.0,0.0,0.0
157,April-05-2020,America Together: Uplifting images from across the country | Fox News,1246804215470657537,FoxNews,0.0,1.0,0.0,0.0
158,April-05-2020,Surgeon general warns this week will be ‘our Pearl Harbor moment’ as coronavirus death toll rises | Fox News,1246800640795443205,FoxNews,0.238,0.762,0.0,-0.6486
159,April-05-2020,"Bill Gates: Pandemic is 'nightmare scenario,' but national response can reduce casualties | Fox News",1246793778532409354,FoxNews,0.0,1.0,0.0,0.0
160,April-05-2020,"Florida firefighter hospitalized with coronavirus gets surprise at window from colleagues, says 'this is love' | Fox News",1246775296956805121,FoxNews,0.0,0.717,0.283,0.743
161,April-05-2020,Mark Cuban says coronavirus changes 'everything' in US -- so leaders should 'step up' | Fox News,1246760122568847360,FoxNews,0.0,1.0,0.0,0.0
162,April-05-2020,"New Orleans area's coronavirus death rate is highest in US, data show | Fox News",1246754071345795072,FoxNews,0.218,0.782,0.0,-0.5994
163,April-05-2020,"Tom Dempsey, legendary NFL kicker, dead after coronavirus bout at age 73 | Fox News",1246751562736766983,FoxNews,0.235,0.765,0.0,-0.6486
164,April-05-2020,Essential Workers commuting to work by bike during coronavirus pandemic | Fox News,1246620867808956416,FoxNews,0.0,1.0,0.0,0.0
165,April-05-2020,FDA commissioner on why wearing a cloth face covering in public 'might be helpful' to combat coronavirus | Fox News,1246612351899652098,FoxNews,0.103,0.776,0.121,0.1027
166,April-05-2020,NY blood center calls for plasma donations from recovered COVID-19 patients | Fox News,1246596564694548480,FoxNews,0.0,1.0,0.0,0.0
167,April-04-2020,California women start mask matching service to support health care workers across US | Fox News,1246586742012096515,FoxNews,0.0,0.704,0.296,0.7096
168,April-04-2020,"Tennessee 6-year-old with cystic fibrosis beats coronavirus: ‘Thank you God,’ mom says | Fox News",1246556997744500736,FoxNews,0.0,1.0,0.0,0.0
169,April-04-2020,Coronavirus teddy bear scavenger hunt unites communities | Fox Business,1246531500679598082,FoxNews,0.0,1.0,0.0,0.0
170,April-04-2020,New York family gets creative with funeral visitation during coronavirus outbreak | Fox News,1246513822984278016,FoxNews,0.144,0.69,0.167,0.1027
171,April-04-2020,Firefighters salute health care workers on coronavirus front line in New York City | Fox News,1246490680052125707,FoxNews,0.0,0.824,0.176,0.4939
172,April-04-2020,"Coronavirus pandemic causing massive increase in hungry families, Feeding America CEO says | Fox News",1246450853374017539,FoxNews,0.0,0.859,0.141,0.3182
173,April-04-2020,Michigan grandfather who walks miles to see granddaughter through glass says it's about 'making a difference' | Fox News,1246441975517253632,FoxNews,0.0,1.0,0.0,0.0
174,April-04-2020,NJ nurse fights coronavirus with food donations: 'Everybody is smiling underneath their masks' | Fox News,1246402592831389701,FoxNews,0.137,0.711,0.152,0.0772
175,April-04-2020,‘Nasty Nellie’ Alison Arngrim reads ‘Little House on the Prairie’ books for fans during coronavirus pandemic | Fox News,1246261416509800448,FoxNews,0.0,1.0,0.0,0.0
176,April-04-2020,Philadelphia Eagles owner Jeffrey Lurie donates $1M to fight coronavirus | Fox News,1246242411111755779,FoxNews,0.178,0.822,0.0,-0.3818
177,April-04-2020,"Making a coronavirus face mask: Dermatologist offers advice on best materials, how to soothe irritated skin | Fox News",1246227925466320896,FoxNews,0.117,0.623,0.261,0.5719
178,April-03-2020,"Pet adoptions, fostering spike amid coronavirus restrictions | Fox News",1246214291696553994,FoxNews,0.0,1.0,0.0,0.0
179,April-03-2020,Husband surprises wife on 84th birthday after leaving Minnesota nursing home in COVID-19 lockdown | Fox News,1246195942715543555,FoxNews,0.0,0.894,0.106,0.2263
180,April-03-2020,Medical workers battling coronavirus get help self-isolating through mobile home donations | Fox News,1246181370944249858,FoxNews,0.125,0.714,0.161,0.1531
181,April-03-2020,Detroiters give free gas to nurses working through coronavirus crisis | Fox News,1246163826040541184,FoxNews,0.223,0.598,0.179,-0.2023
182,April-03-2020,Alabama community throws huge car parade to celebrate woman's 100th birthday: 'She was totally shocked' | Fox News,1246150242728316931,FoxNews,0.11,0.636,0.254,0.5279
183,April-03-2020,"US employers shed 701,000 jobs in March, unemployment jumped to 4.4%, as coronavirus ravages economy | Fox Business",1246054088040685571,FoxNews,0.146,0.854,0.0,-0.4404
184,April-03-2020,Stopping coronavirus spread: Can I make my own hand sanitizer at home? | Fox News,1245893271173423106,FoxNews,0.09,0.73,0.18,0.3818
185,April-03-2020,"China's early coronavirus victory lap, misleading data hurting global response | Fox News",1245884502523744261,FoxNews,0.329,0.671,0.0,-0.6597
186,April-03-2020,Dr. Deborah Birx admits US officials 'didn't know how contagious' coronavirus was early in outbreak | Fox News,1245874495669362689,FoxNews,0.0,0.791,0.209,0.5
187,April-02-2020,"USS Theodore Roosevelt commanding officer relieved of duty, acting Navy secretary announces | Fox News",1245843958053232641,FoxNews,0.0,0.843,0.157,0.3818
188,April-02-2020,"Fox News, Facebook team up for coronavirus town hall | Fox News",1245820656660381697,FoxNews,0.0,1.0,0.0,0.0
189,April-02-2020,"Holland America cruise ship Zaandam disembarks at Florida port, mayor calls it 'a humanitarian solution' | Fox News",1245815183966117889,FoxNews,0.0,0.881,0.119,0.3182
190,April-02-2020,"Coronavirus cases top 1 million worldwide, researchers say | Fox News",1245802477183795200,FoxNews,0.0,0.847,0.153,0.2023
191,April-02-2020,Can you catch coronavirus by breathing near an infected person? | Fox News,1245791944602718211,FoxNews,0.211,0.789,0.0,-0.4939
192,April-02-2020,Pelosi creates new House committee with subpoena power for coronavirus oversight | Fox News,1245744137762193409,FoxNews,0.0,0.861,0.139,0.2732
193,April-02-2020,"Feds distribute thousands of masks, other supplies seized from hoarders during coronavirus pandemic | Fox News",1245743713336332291,FoxNews,0.0,1.0,0.0,0.0
194,April-02-2020,IRS reversal: Social Security recipients can automatically get stimulus checks without filing returns | Fox News,1245696954111340544,FoxNews,0.0,0.862,0.138,0.34
195,April-02-2020,"Unemployment claims spiked to new record last week, with 6.6M Americans filing for aid | Fox Business",1245696643523129344,FoxNews,0.153,0.847,0.0,-0.4404
196,April-02-2020,Closed indefinitely: Grand Canyon National Park is now off-limits to visitors after an employee tested positive for… https://t.co/LUGuvwZ3Md,1245528271879581696,FoxNews,0.0,0.708,0.292,0.765
197,April-02-2020,"Fountains of Wayne co-frontman Adam Schlesinger, a Grammy-winning musician and songwriter, has died from coronaviru… https://t.co/wsEELAG5Sq",1245515271500189698,FoxNews,0.194,0.806,0.0,-0.5574
198,April-01-2020,First responders and hospital workers on the front lines of the coronavirus crisis are at risk of bringing the illn… https://t.co/uUtBUlbIqB,1245495523160789003,FoxNews,0.246,0.754,0.0,-0.7351
199,April-01-2020,"China lied about coronavirus outbreak figures, putting the world in jeopardy, U.S. intelligence agents say. https://t.co/gQNoHatkf1",1245467385030729729,FoxNews,0.261,0.596,0.142,-0.3818
200,April-01-2020,EXCLUSIVE: Joe Biden is offering to call President Trump to discuss a strategy to combat the coronavirus pandemic r… https://t.co/4jGGy5cIbU,1245429289136410624,FoxNews,0.106,0.795,0.099,-0.0431
201,April-01-2020,"Coronavirus deaths top 4,000 in US, surpass China | Fox News",1245281464054435841,FoxNews,0.0,0.847,0.153,0.2023
202,April-01-2020,Researchers are racing to determine who is more likely to get infected or succumb to COVID-19. https://t.co/jEjVi18g6T,1245171119918845952,FoxNews,0.167,0.833,0.0,-0.4939
203,April-01-2020,A woman's Facebook post about getting restaurant meals to health workers in the coronavirus fight has helped inspir… https://t.co/B0wHN1sd6J,1245154495375474691,FoxNews,0.126,0.874,0.0,-0.3818
204,April-01-2020,A Chicago Bears wide receiver is on a mission to feed children in communities hit hard by the coronavirus pandemic. https://t.co/9KZXyycmOc,1245143750743068675,FoxNews,0.065,0.935,0.0,-0.1027
205,March-31-2020,A member of the New Jersey National Guard who died from the coronavirus had started showing symptoms just days befo… https://t.co/djgjfK4q66,1245134160659955712,FoxNews,0.153,0.847,0.0,-0.5574
206,March-31-2020,"President Trump has warned the U.S. is in for ""a very painful two weeks."" https://t.co/TbE83nG5tz",1245118605236277248,FoxNews,0.289,0.711,0.0,-0.6478
207,March-31-2020,"Take precautions before you exercise, researchers say. https://t.co/Fk2LCF1JdQ",1245078119553384448,FoxNews,0.0,1.0,0.0,0.0
208,March-31-2020,"Tackling coronavirus
https://t.co/3NKE2bYxNN",1245005905969717248,FoxNews,0.0,1.0,0.0,0.0
209,March-31-2020,"Mexican drug cartels struggle during coronavirus, hike prices as lab supplies from China dry up | Fox News",1244995800054272003,FoxNews,0.119,0.881,0.0,-0.3182
210,March-31-2020,Americans face nearly unprecedented travel restrictions inside US as states rush to stem coronavirus tide | Fox News,1244984349780574208,FoxNews,0.0,1.0,0.0,0.0
211,March-31-2020,"15,000 LA high school students absent from online learning since coronavirus shut down schools | Fox News",1244938321110937601,FoxNews,0.0,1.0,0.0,0.0
212,March-31-2020,Army researchers at Fort Detrick are fast at work testing treatment options with an eye toward eventually finding a… https://t.co/oNS6mOoN2W,1244805474035384320,FoxNews,0.0,1.0,0.0,0.0
213,March-31-2020,"FOX and iHeart Media’s ""Living Room Concert for America"" has raised nearly $8 million and counting for Feeding Amer… https://t.co/HGLLYhJFzn",1244797619928432643,FoxNews,0.0,1.0,0.0,0.0
214,March-31-2020,"A New Jersey National Guardsman has died after being hospitalized for over a week, becoming the first U.S. service… https://t.co/i1clfWXPvb",1244783141157511168,FoxNews,0.159,0.841,0.0,-0.5574
215,March-30-2020,President Trump announced the U.S. has tested over 1 million people for the coronavirus as he unveiled a new rapid… https://t.co/nIMrKgQziQ,1244750276176773122,FoxNews,0.0,1.0,0.0,0.0
216,March-30-2020,President Trump and the White House coronavirus task force are giving updates on the fight as the number of cases g… https://t.co/nJTXEjjyGl,1244739488494039043,FoxNews,0.103,0.751,0.146,0.0258
217,March-30-2020,Dr. Tom Frieden: Coronavirus straight talk – the letter that should be sent to every American https://t.co/yNVDK4AHwP,1244717670160896002,FoxNews,0.0,0.894,0.106,0.2263
218,March-30-2020,"Help arrives
https://t.co/gpJwYL4m4A",1244624225509478404,FoxNews,0.0,0.426,0.574,0.4019
219,March-30-2020,"Fox News exclusive:
https://t.co/bbfpny8vnr",1244613211900575745,FoxNews,0.0,0.667,0.333,0.128
220,March-30-2020,"The USNS Comfort, a massive Navy hospital ship, is scheduled to arrive in New York City on Monday. https://t.co/7rgh6NHE0O",1244457218960961537,FoxNews,0.0,0.878,0.122,0.3612
221,March-29-2020,"President Trump declared that ""the peak in death rate"" in the coronavirus pandemic ""is likely to hit in two weeks,""… https://t.co/Z9BSX3dmxe",1244392983769821185,FoxNews,0.163,0.837,0.0,-0.5994
222,March-29-2020,President Trump and the coronavirus task force are giving updates on their response to the pandemic. Live coverage… https://t.co/ZqmOQCkQZE,1244380760196501512,FoxNews,0.0,0.882,0.118,0.34
223,March-27-2020,"Deal gets done
https://t.co/sBWQzRCVM5",1243593085344415748,FoxNews,0.0,1.0,0.0,0.0
224,March-27-2020,"Reporter's notebook: How my dad, 106, survived the 'other' pandemic - the Spanish flu | Fox News",1243590933830041602,FoxNews,0.124,0.718,0.158,0.1779
225,March-27-2020,President Trump hammered two governors after they criticized the federal government's response to the coronavirus p… https://t.co/hdi2nZqFlE,1243362216201478146,FoxNews,0.135,0.865,0.0,-0.3612
226,March-27-2020,"Lawmakers have said they're worried a Republican House member could ""go rogue"" and possibly scuttle a vote on the $… https://t.co/St4vhil7Us",1243343337152749580,FoxNews,0.099,0.901,0.0,-0.296
227,March-27-2020,President Trump announced he will be traveling on Saturday to Virginia to send off a Navy hospital ship headed to t… https://t.co/dwQQri3ych,1243331481969266701,FoxNews,0.0,1.0,0.0,0.0
228,March-26-2020,"The United States has overtaken China and Italy in confirmed coronavirus cases, a grim milestone reported by Johns… https://t.co/xg12HGgtU1",1243321039741956096,FoxNews,0.157,0.723,0.119,-0.2263
229,March-26-2020,President Trump’s overall job approval ticks up while nine in 10 voters say they're concerned about the spread of c… https://t.co/LcTzbRnX62,1243306425301991425,FoxNews,0.0,0.866,0.134,0.4767
230,March-26-2020,Today's briefing from President Trump and the coronavirus task force is getting underway. Live coverage on Fox News… https://t.co/UfVw8y4Zd1,1243289285287084032,FoxNews,0.0,1.0,0.0,0.0
231,March-26-2020,President Trump says his administration is working to publish new guidelines that will advise governors in states a… https://t.co/FK3Q5sCEX3,1243280754051813382,FoxNews,0.0,1.0,0.0,0.0
232,March-26-2020,2020 Indy 500 postponed from May to August due to coronavirus crisis | Fox News,1243240444550680576,FoxNews,0.312,0.688,0.0,-0.7096
233,March-26-2020,"China cashes in off coronavirus, selling Spain $467 million in supplies, some of them substandard | Fox News",1243223145684885504,FoxNews,0.0,1.0,0.0,0.0
234,March-26-2020,"From the front lines:
https://t.co/eSIaoqLawZ",1243192452741292033,FoxNews,0.0,1.0,0.0,0.0
235,March-26-2020,"Jobless claims shatter record
https://t.co/qeljQY8FRa",1243164198810550272,FoxNews,0.0,1.0,0.0,0.0
236,March-26-2020,"Labor gains
https://t.co/TY4MvYJn5F",1243163716880867329,FoxNews,0.0,0.455,0.545,0.34
237,March-26-2020,"The long-awaited Senate vote on the coronavirus stimulus compromise bill is finally imminent Wednesday night, Fox N… https://t.co/fuOiq3htVt",1242981649727528960,FoxNews,0.0,1.0,0.0,0.0
238,March-26-2020,Dr. Marc Siegel warns that New York City hospitals are already “stretched thin” with patients “overflowing wards.” https://t.co/IHEpZBY81Y,1242976406121975809,FoxNews,0.076,0.924,0.0,-0.1027
239,March-25-2020,"As the coronavirus continues to tear through the United States, frontline health-care workers are not only in the l… https://t.co/44TCv2VbkE",1242962456542089216,FoxNews,0.0,0.872,0.128,0.4215
240,March-25-2020,"President Trump signaled his support for the massive stimulus bill being ironed out in the Senate, and called on Co… https://t.co/HW2M8KHj0W",1242945079393869824,FoxNews,0.0,0.881,0.119,0.4019
241,March-25-2020,WATCH LIVE: President Trump and the White House coronavirus task force are holding a briefing before an expected Se… https://t.co/9NvZfpwS0Z,1242933818090303488,FoxNews,0.0,1.0,0.0,0.0
242,March-25-2020,"BREAKING: Robert Levinson, a retired FBI agent and private investigator who disappeared in 2007, is believed to hav… https://t.co/9uAGtnZRth",1242929618111299593,FoxNews,0.095,0.905,0.0,-0.2263
243,March-25-2020,Some Republican senators are warning they will oppose the $2 trillion coronavirus response package unless a “massiv… https://t.co/fTs2IDnUEy,1242892566577717248,FoxNews,0.124,0.876,0.0,-0.34
244,March-25-2020,"Royal scare
https://t.co/MLRlNzj42J",1242781720807702529,FoxNews,0.615,0.385,0.0,-0.4939
245,March-25-2020,Tensions have ratcheted up again on Capitol Hill -- with Sen. Lindsey Graham taking to the Senate floor and calling… https://t.co/mF4ZcFnB4O,1242641181961596928,FoxNews,0.119,0.881,0.0,-0.4019
246,March-24-2020,The White House warned people who recently have left the New York City metropolitan area to self-quarantine for 14… https://t.co/e6miIS3s55,1242599259268100102,FoxNews,0.1,0.9,0.0,-0.2732
247,March-24-2020,President Trump emphasized his hope that the U.S. largely will reopen for business by Easter -- as his top economic… https://t.co/tIT4SdENPx,1242584568022130690,FoxNews,0.0,0.802,0.198,0.5719
248,March-24-2020,WATCH LIVE: President Trump and the coronavirus task force are giving updates on the latest efforts to curb the out… https://t.co/slpHwap6FC,1242568805487951877,FoxNews,0.0,0.893,0.107,0.34
249,March-24-2020,President Trump said state governors have the responsibility of purchasing vital medical supplies in the event of a… https://t.co/8S2q02wU6T,1242559542665363456,FoxNews,0.0,0.891,0.109,0.296
250,March-24-2020,President Trump said he wants the country's economy re-opened by Easter. https://t.co/sx7LxOP7G5,1242546143818657799,FoxNews,0.0,1.0,0.0,0.0
251,March-24-2020,Watch Fox News' virtual coronavirus town hall with President Trump live at noon ET on Fox News Channel or at… https://t.co/pqQwhxYNcK,1242477441882509312,FoxNews,0.0,1.0,0.0,0.0
252,March-24-2020,"House measure faults China for coronavirus response
https://t.co/b0HdMGaavx",1242420206342897665,FoxNews,0.307,0.693,0.0,-0.4767
253,March-23-2020,Fox News Channel is hosting a special two-hour virtual town hall with President Trump and members of the White Hous… https://t.co/fbQal3LSHm,1242235686327144454,FoxNews,0.0,0.881,0.119,0.4019
254,March-23-2020,"President Trump has demanded the Senate ""stop playing partisan politics"" and pass a massive stimulus bill meant to… https://t.co/JyzEw9PKko",1242227076830199816,FoxNews,0.187,0.731,0.082,-0.3182
255,March-23-2020,"WATCH LIVE: President Trump, Attorney General Bill Barr and members of the coronavirus task force are speaking at a… https://t.co/7PNol9hpsl",1242213372151635969,FoxNews,0.0,1.0,0.0,0.0
256,March-23-2020,Britain's big move: Prime Minister Boris Johnson has ordered the closure of most stores and banned gatherings for t… https://t.co/KQjyBMkwAz,1242191191392882689,FoxNews,0.147,0.853,0.0,-0.5046
257,March-23-2020,"Coronavirus bill blocked by Dems for second time
https://t.co/jljwoa0CCG",1242153299895373826,FoxNews,0.208,0.792,0.0,-0.2732
258,March-23-2020,"Secret weapon against coronavirus?
https://t.co/WEQ7oxxvo7",1242098504182398977,FoxNews,0.355,0.645,0.0,-0.296
259,March-23-2020,"Biden briefings begin
https://t.co/20veDaSvKQ",1242067825637961728,FoxNews,0.0,1.0,0.0,0.0
260,March-23-2020,"Rep. Ben McAdams of Utah says he was hospitalized days after he was diagnosed with the coronavirus, but he's doing… https://t.co/LTqra59UZt",1241917697824296963,FoxNews,0.0,1.0,0.0,0.0
261,March-23-2020,"Check out Neil Diamond's update of ""Sweet Caroline"" with a coronavirus theme. https://t.co/ebbiLwSNCp",1241902500766257152,FoxNews,0.0,0.8,0.2,0.4588
262,March-22-2020,"President Trump, at this evening's White House briefing, outlined broad measures to combat coronavirus in the harde… https://t.co/xDZYgsj7mV",1241872697145143296,FoxNews,0.124,0.876,0.0,-0.34
263,March-22-2020,"At an impasse: The GOP-controlled Senate failed to move forward with considering the ""Phase Three"" stimulus package… https://t.co/WGUIeDrjbQ",1241861542993330177,FoxNews,0.163,0.837,0.0,-0.5106
264,March-22-2020,WATCH LIVE: President Trump and members of the coronavirus task force are speaking at the White House. https://t.co/7NvwzPACeY,1241847867184209928,FoxNews,0.0,1.0,0.0,0.0
265,March-22-2020,German Chancellor Angela Merkel has gone into quarantine after a doctor who recently had contact with her tested po… https://t.co/iXMCoWLeTZ,1241811260976529408,FoxNews,0.0,1.0,0.0,0.0
266,March-22-2020,BREAKING: Sen. Rand Paul announced he has tested positive for the coronavirus. https://t.co/bB3NJjbbnu,1241783694622367746,FoxNews,0.0,0.769,0.231,0.5574
267,March-22-2020,"Pences in the clear
https://t.co/qw0JGmlpP3",1241531608013910021,FoxNews,0.0,0.606,0.394,0.3818
268,March-21-2020,"Garden State shuts down
https://t.co/fpHbgNSD8l",1241428940956278784,FoxNews,0.0,1.0,0.0,0.0
269,March-21-2020,Mike Pence says he will be tested for coronavirus after staffer tested positive | Fox News,1241421717089681412,FoxNews,0.0,0.806,0.194,0.5574
270,March-21-2020,"Help on the way
https://t.co/z4H7pkPzVo",1241357613893328896,FoxNews,0.0,0.597,0.403,0.4019
271,March-20-2020,"Pence staffer tests positive for coronavirus, becoming first-known case of a White House employee | Fox News",1241135898345046016,FoxNews,0.0,0.816,0.184,0.5574
272,March-20-2020,"Illinois issues 'stay at home' order
https://t.co/OprmQguhww",1241123488297033734,FoxNews,0.0,1.0,0.0,0.0
273,March-20-2020,"Clampdown at the border
https://t.co/OKFTQ1auIv",1241038221275955202,FoxNews,0.0,1.0,0.0,0.0
274,March-20-2020,"Golden State hunkers down
https://t.co/rNYBys4DlR",1240998440764690432,FoxNews,0.0,1.0,0.0,0.0
275,March-20-2020,"US jails begin releasing some inmates due to coronavirus concerns
https://t.co/ngkTK0AmD9",1240978366142074881,FoxNews,0.0,1.0,0.0,0.0
276,March-20-2020,"BREAKING: California Gov. Gavin Newsom has announced a ""statewide order"" for residents of the most populous state i… https://t.co/Hy2ACH8As5",1240819623186051072,FoxNews,0.0,1.0,0.0,0.0
277,March-20-2020,How you can help: Here are ways to donate to Italy as it works to recover from the coronavirus catastrophe. https://t.co/euE8c5uAAj,1240801009317879815,FoxNews,0.169,0.728,0.103,-0.4019
278,March-19-2020,The U.S. is seeing a spike in confirmed coronavirus cases -- as the number of tests ramps up. https://t.co/4Y5YspyXS4,1240783998193991684,FoxNews,0.0,0.933,0.067,0.0772
